{"_sessions":{"BeJtB/IkNBFqjvUvynom5BLNgUmkUsQfUT9gqpf0JLUy":{"registrationId":1504641716,"currentRatchet":{"ephemeralKeyPair":{"pubKey":"BRM75GwI/RFMuMJ9lvMCWjEyXjAV8CFeGTFC3RU1LIZ1","privKey":"mE6dASlohEXvNO7Xglc7OASSly3ZzfAWaI3eLlHwXGQ="},"lastRemoteEphemeralKey":"BZP/dVGpEDIM/eAZZmEZdiFRQKqe7eYciOK2aSajfYUB","previousCounter":0,"rootKey":"pOyUIBL3eFjhpcq73qVbj/xNLmFaFiy2okRZfSG0KB4="},"indexInfo":{"baseKey":"BeJtB/IkNBFqjvUvynom5BLNgUmkUsQfUT9gqpf0JLUy","baseKeyType":2,"closed":-1,"used":1666837799697,"created":1666837799697,"remoteIdentityKey":"BZ2he5WEB2SAIrvklRDfsL0ZmuOAuwH9Ucb6NMOguA9P"},"_chains":{"BZP/dVGpEDIM/eAZZmEZdiFRQKqe7eYciOK2aSajfYUB":{"chainKey":{"counter":0,"key":"AtfnnmwiDY2CcmCS+orfOuLuj5YRNrAyJKOs/QafQfI="},"chainType":2,"messageKeys":{}},"BRM75GwI/RFMuMJ9lvMCWjEyXjAV8CFeGTFC3RU1LIZ1":{"chainKey":{"counter":-1,"key":"OXuhsA9Y6UWO9XtKBFCFp9kj/0uuqJrEvLuBXcl0aDo="},"chainType":1,"messageKeys":{}}}}},"version":"v1"}