{"_sessions":{"BUm+xWJMPHpzFESHhF1zZIBoSsbToryWK2+MbyySK+dR":{"registrationId":55,"currentRatchet":{"ephemeralKeyPair":{"pubKey":"BXR0Vp1n5svUR1Alx0dxNqAXxMm3ZRKCP2EQGjMibtQm","privKey":"8JN6Qgjca7b6MjH3Cvv7SapV89kh5J1OQ8KClbwHI0E="},"lastRemoteEphemeralKey":"BVMpUfOPIWvW7pGhQ0zS0Whp4q3qm4UGMCnxY0e1zKoZ","previousCounter":0,"rootKey":"2LZDmgMUGoGJ6uYah2ESJ9SiEsp121HtGsJaDdyVpcE="},"indexInfo":{"baseKey":"BUm+xWJMPHpzFESHhF1zZIBoSsbToryWK2+MbyySK+dR","baseKeyType":1,"closed":-1,"used":1666837536691,"created":1666837536691,"remoteIdentityKey":"BXvHrfkxSXHyWKLjgQ9sYing20gDh0NXRLOMCnkwC7A2"},"_chains":{"BXR0Vp1n5svUR1Alx0dxNqAXxMm3ZRKCP2EQGjMibtQm":{"chainKey":{"counter":2,"key":"kFKmU3jCeFSkxCrCiWrLMF8T6Fcf/YBXqpS/WJ6AjT4="},"chainType":1,"messageKeys":{}}},"pendingPreKey":{"signedKeyId":1,"baseKey":"BUm+xWJMPHpzFESHhF1zZIBoSsbToryWK2+MbyySK+dR"}}},"version":"v1"}