{"_sessions":{"BalzpfP5RZub0Lo8rHxa+6BzsHGyGuUM9YqcyPvjxRh8":{"registrationId":1656737876,"currentRatchet":{"ephemeralKeyPair":{"pubKey":"BWukUky1xOEDOQLWSiOyHCAEO4lRHMLS22UB0xtoM2tN","privKey":"MMl7NSEu80P9+1eQSMdJlJSlTkERIQNTAJpoBIVf9EM="},"lastRemoteEphemeralKey":"BRju8aiPKZEL6Bxk8GzcqgNxGhiFgppVGbPkXfEZbwxy","previousCounter":0,"rootKey":"tsjb0a8Pdsy0fumlRSMn0bYsKcJtynvuJFzc6DerHyE="},"indexInfo":{"baseKey":"BalzpfP5RZub0Lo8rHxa+6BzsHGyGuUM9YqcyPvjxRh8","baseKeyType":1,"closed":1666837538670,"used":1666837536731,"created":1666837536731,"remoteIdentityKey":"BaNDbikcSuxaL+Gg8zqHbW8hTTlJPbUIra1yQjkS2ck+"},"_chains":{"BWukUky1xOEDOQLWSiOyHCAEO4lRHMLS22UB0xtoM2tN":{"chainKey":{"counter":1,"key":"t0AzJ7W3Gh/c36vdBxpSBWRHyf2fYpET3viHKF6fLY8="},"chainType":1,"messageKeys":{}}},"pendingPreKey":{"signedKeyId":0,"baseKey":"BalzpfP5RZub0Lo8rHxa+6BzsHGyGuUM9YqcyPvjxRh8","preKeyId":16731551}},"BaX3xWZHZlmUO1vLxyH8mob82v5gF0PAXV26iiCudnEQ":{"registrationId":1656737876,"currentRatchet":{"ephemeralKeyPair":{"pubKey":"BUBjpI8kCdh3dG9/TUzGTNfH39B8XmzC5sHT2Z6Y/cI/","privKey":"iGBPnLTAYYeScDgqMBe1VdIsB+wx9dID7sbhbCCn+kw="},"lastRemoteEphemeralKey":"BRju8aiPKZEL6Bxk8GzcqgNxGhiFgppVGbPkXfEZbwxy","previousCounter":0,"rootKey":"Lw8UaCCFX5DKLWF9CS4YJUa53+REHJ+/qfcFuhginFA="},"indexInfo":{"baseKey":"BaX3xWZHZlmUO1vLxyH8mob82v5gF0PAXV26iiCudnEQ","baseKeyType":1,"closed":1666837539519,"used":1666837538632,"created":1666837538632,"remoteIdentityKey":"BaNDbikcSuxaL+Gg8zqHbW8hTTlJPbUIra1yQjkS2ck+"},"_chains":{"BUBjpI8kCdh3dG9/TUzGTNfH39B8XmzC5sHT2Z6Y/cI/":{"chainKey":{"counter":-1,"key":"16uD4X+8oPShxEPf+/2i/3numXZPelf3o6voSouikDE="},"chainType":1,"messageKeys":{}}},"pendingPreKey":{"signedKeyId":0,"baseKey":"BaX3xWZHZlmUO1vLxyH8mob82v5gF0PAXV26iiCudnEQ","preKeyId":16731127}},"BfgClJpOKEbN2a8GP9L16VIXM61IX1YFixaEdDhHs4pf":{"registrationId":1656737876,"currentRatchet":{"ephemeralKeyPair":{"pubKey":"BdjkyatczByYFkSx091IhA15zWyAnaSn5Pf5dRsnn4Iw","privKey":"QGWadz+tRlwzL8thXHL3EBtxYg9XOFS8BhpRYdjbjGc="},"lastRemoteEphemeralKey":"BRju8aiPKZEL6Bxk8GzcqgNxGhiFgppVGbPkXfEZbwxy","previousCounter":0,"rootKey":"NJle79TmRpF0aqwftMiJ3IEyp/W8YxQZiZ0I6/NAPJo="},"indexInfo":{"baseKey":"BfgClJpOKEbN2a8GP9L16VIXM61IX1YFixaEdDhHs4pf","baseKeyType":1,"closed":1666837592495,"used":1666837539503,"created":1666837539503,"remoteIdentityKey":"BaNDbikcSuxaL+Gg8zqHbW8hTTlJPbUIra1yQjkS2ck+"},"_chains":{"BdjkyatczByYFkSx091IhA15zWyAnaSn5Pf5dRsnn4Iw":{"chainKey":{"counter":0,"key":"NXgE2vMnMXS5O7IYa3pJHnJU9rX8JZWAjj4XfEaJ02Y="},"chainType":1,"messageKeys":{}}},"pendingPreKey":{"signedKeyId":0,"baseKey":"BfgClJpOKEbN2a8GP9L16VIXM61IX1YFixaEdDhHs4pf","preKeyId":16731573}},"BdahhwFBri8+HQeo5IzPKV3WpnahT/xS3hnEFZPt7VtD":{"registrationId":1656737876,"currentRatchet":{"ephemeralKeyPair":{"pubKey":"BVm3XMRcJ/klJTM/zlykWo6f3QCvVo02fz6/0ocnbl07","privKey":"4DpmcKoSYQmiZRZ9PYY9XYWMaAxqxnUa66+e41Q3X2E="},"lastRemoteEphemeralKey":"BRju8aiPKZEL6Bxk8GzcqgNxGhiFgppVGbPkXfEZbwxy","previousCounter":0,"rootKey":"z2V52WxzOyycsPhabk5tDy0hBM7oTs1xlm72RmNPBn4="},"indexInfo":{"baseKey":"BdahhwFBri8+HQeo5IzPKV3WpnahT/xS3hnEFZPt7VtD","baseKeyType":1,"closed":-1,"used":1666837592469,"created":1666837592469,"remoteIdentityKey":"BaNDbikcSuxaL+Gg8zqHbW8hTTlJPbUIra1yQjkS2ck+"},"_chains":{"BVm3XMRcJ/klJTM/zlykWo6f3QCvVo02fz6/0ocnbl07":{"chainKey":{"counter":-1,"key":"kZQ1iUR/MjF+cKFpfY5RFO3XEHdHRxQx/g2YpLxQvy4="},"chainType":1,"messageKeys":{}}},"pendingPreKey":{"signedKeyId":0,"baseKey":"BdahhwFBri8+HQeo5IzPKV3WpnahT/xS3hnEFZPt7VtD","preKeyId":16731589}}},"version":"v1"}