{"_sessions":{"BeFaLiK72ox8XgQj6+BqQ8PmZpFXJOVkFbOGK1ZqF5xW":{"registrationId":36,"currentRatchet":{"ephemeralKeyPair":{"pubKey":"Bck9NjF6l0VNPQthmWChA/41xfnBqK6prAfr+fAq29NK","privKey":"QHEYYIn4XHQ/14fbdLSGw+0xn56MCBoUIZxWkHHLy3A="},"lastRemoteEphemeralKey":"BXrM3L1Cri1hidgo7s9T3dCE9t6qpss50AltUdbBLE0M","previousCounter":0,"rootKey":"yrF4HGd23atA9WbyC+wCl1yOkj6/J9tYq26jTAKlHSU="},"indexInfo":{"baseKey":"BeFaLiK72ox8XgQj6+BqQ8PmZpFXJOVkFbOGK1ZqF5xW","baseKeyType":2,"closed":1666837516945,"used":1666835256344,"created":1666834991120,"remoteIdentityKey":"BW0dSY9bJKGQBip2bqnEdzL6RaiGM7RbU428rPpItZNa"},"_chains":{"BbO7CTb8yhhEuyVFnx71uQpS5i2ONK9eTxL+R6HCFKJP":{"chainKey":{"counter":2},"chainType":2,"messageKeys":{}},"BesqccuoRODrpTkNBAMoQljOvZVI/1ANi9gczhR8+qZg":{"chainKey":{"counter":1},"chainType":2,"messageKeys":{}},"BXrM3L1Cri1hidgo7s9T3dCE9t6qpss50AltUdbBLE0M":{"chainKey":{"counter":0,"key":"S3WYMs7vEOPlfVrfHJOm6vQPeJ5aY7uhwGO6Fevu9sU="},"chainType":2,"messageKeys":{}},"Bck9NjF6l0VNPQthmWChA/41xfnBqK6prAfr+fAq29NK":{"chainKey":{"counter":2,"key":"2zT5GjoW7JIYKfMQa+f+ie7fhMGC3ZXJBbiDjRnKhsc="},"chainType":1,"messageKeys":{}}}},"BdDfvLetA8PTDR8FmVm9IjmPnqgw0+0uGuudEtLYxhwW":{"registrationId":36,"currentRatchet":{"ephemeralKeyPair":{"pubKey":"BVfrIctXMA93o1ElOQ/BeunjhnikL0kqMgzR4MO0LxkH","privKey":"AAxP2tF8nFN4t2w59aCpOoF4zPHk6GaziYGjQFP9KEw="},"lastRemoteEphemeralKey":"BeDK59mVLCLQVEMh34Kq1tPJ6jby10AX0lpJDv80sLAd","previousCounter":0,"rootKey":"arDy6kII0IERTu+H9EoMfJ9h7VF8Y0CYE+EydrWJdgE="},"indexInfo":{"baseKey":"BdDfvLetA8PTDR8FmVm9IjmPnqgw0+0uGuudEtLYxhwW","baseKeyType":1,"closed":1666837518120,"used":1666837516851,"created":1666837516851,"remoteIdentityKey":"BW0dSY9bJKGQBip2bqnEdzL6RaiGM7RbU428rPpItZNa"},"_chains":{"BVfrIctXMA93o1ElOQ/BeunjhnikL0kqMgzR4MO0LxkH":{"chainKey":{"counter":0,"key":"KDx/6nRqJasr/er/MtMHSrj5/VxjvqZKOfiE5yLieGA="},"chainType":1,"messageKeys":{}}},"pendingPreKey":{"signedKeyId":1,"baseKey":"BdDfvLetA8PTDR8FmVm9IjmPnqgw0+0uGuudEtLYxhwW","preKeyId":69}},"BUsS3Ze3cr+rxmf4tPfZfH+ZJjzyvjdaxANTazgDP102":{"registrationId":36,"currentRatchet":{"ephemeralKeyPair":{"pubKey":"BQ8MR5AfwWHQCBi2nR57HYf8br4z01x8zrt/4Z9dTBRc","privKey":"8CO4FO/aKWcaYP6pBQhePwVW2Yw9Ded3hiOWegXPQHk="},"lastRemoteEphemeralKey":"BVpaAd1QHl9xopzB1aIdopFANSoydJuuN9NRye7sGh0O","previousCounter":0,"rootKey":"bbokPSDQ15j/FvVDeDkd2ytc25krXoeqZIrBXWJY8S8="},"indexInfo":{"baseKey":"BUsS3Ze3cr+rxmf4tPfZfH+ZJjzyvjdaxANTazgDP102","baseKeyType":1,"closed":-1,"used":1666837807779,"created":1666837517847,"remoteIdentityKey":"BW0dSY9bJKGQBip2bqnEdzL6RaiGM7RbU428rPpItZNa"},"_chains":{"BVpaAd1QHl9xopzB1aIdopFANSoydJuuN9NRye7sGh0O":{"chainKey":{"counter":0,"key":"wG8C5ApUF/UsWlTPo7tV53ePIp6K04Uzj585/20wc0A="},"chainType":2,"messageKeys":{}},"BQ8MR5AfwWHQCBi2nR57HYf8br4z01x8zrt/4Z9dTBRc":{"chainKey":{"counter":-1,"key":"wIG+oTO4oWaMtp+biE2AHmbi8KKlDC4FoNlsRycBngQ="},"chainType":1,"messageKeys":{}}}}},"version":"v1"}