{"_sessions":{"BbbBphQB/Tpg74W2nWCruYOf2mOJsQRRMTKXwA5ePKlw":{"registrationId":40,"currentRatchet":{"ephemeralKeyPair":{"pubKey":"BR6OpsYvDm9qD6TWLr4eh36sTmU5kNaZ3TOUbbJht/xT","privKey":"UO8y3hP7hNTGJGgLlIay2+6tGavaJs5ivgRrkQ16LFk="},"lastRemoteEphemeralKey":"BQUVl4Wykq3aq4/47HB5M0e+3Tteh12A7D+p3MlaHeR0","previousCounter":0,"rootKey":"dq4M6S87nny0dclsz3LyxeYkGrOz6QtvXNbl1EwEe+A="},"indexInfo":{"baseKey":"BbbBphQB/Tpg74W2nWCruYOf2mOJsQRRMTKXwA5ePKlw","baseKeyType":1,"closed":-1,"used":1666837536719,"created":1666837536718,"remoteIdentityKey":"BYFfuHjYZirExsgSovGHOE5MAvZidcq6QF6psRMu10l8"},"_chains":{"BR6OpsYvDm9qD6TWLr4eh36sTmU5kNaZ3TOUbbJht/xT":{"chainKey":{"counter":2,"key":"07PqIy3PPUGe25kMgMNJ7qhIGKCfZCIcYngYM75/GrA="},"chainType":1,"messageKeys":{}}},"pendingPreKey":{"signedKeyId":1,"baseKey":"BbbBphQB/Tpg74W2nWCruYOf2mOJsQRRMTKXwA5ePKlw"}}},"version":"v1"}